C,C,W,W,W,D,D,G,UTIL,,Instructions
,,,,,,,,,,1. Locate the player you want to select in the list below 
,,,,,,,,,,2. Copy the ID of your player (you can use the Name + ID column or the ID column) 
,,,,,,,,,,3. Paste the ID into the roster position desired 
,,,,,,,,,,4. You must include an ID for each player; you cannot use just the player's name 
,,,,,,,,,,5. You can create up to 500 lineups per file 
 
,,,,,,,,,,Position,Name + ID,Name,ID,Roster Position,Salary,Game Info,TeamAbbrev,AvgPointsPerGame
,,,,,,,,,,G,John Gibson (11432900),John Gibson,11432900,G,8500,ARI@ANH 10/10/2018 10:00PM ET,ANH,8.4
,,,,,,,,,,G,Ryan Miller (11432901),Ryan Miller,11432901,G,8300,ARI@ANH 10/10/2018 10:00PM ET,ANH,0
,,,,,,,,,,G,Brian Elliott (11432902),Brian Elliott,11432902,G,8100,PHI@OTT 10/10/2018 07:30PM ET,PHI,2.53
,,,,,,,,,,G,Michal Neuvirth (11432903),Michal Neuvirth,11432903,G,7900,PHI@OTT 10/10/2018 07:30PM ET,PHI,0
,,,,,,,,,,G,Calvin Pickard (11432904),Calvin Pickard,11432904,G,7900,PHI@OTT 10/10/2018 07:30PM ET,PHI,0
,,,,,,,,,,LW,Alex Ovechkin (11432604),Alex Ovechkin,11432604,W/UTIL,7800,VGK@WAS 10/10/2018 08:00PM ET,WAS,6
,,,,,,,,,,G,Braden Holtby (11432905),Braden Holtby,11432905,G,7800,VGK@WAS 10/10/2018 08:00PM ET,WAS,5.9
,,,,,,,,,,G,Pheonix Copley (11432906),Pheonix Copley,11432906,G,7600,VGK@WAS 10/10/2018 08:00PM ET,WAS,0
,,,,,,,,,,G,Marc-Andre Fleury (11432907),Marc-Andre Fleury,11432907,G,7500,VGK@WAS 10/10/2018 08:00PM ET,VGK,1.87
,,,,,,,,,,G,Malcolm Subban (11432908),Malcolm Subban,11432908,G,7300,VGK@WAS 10/10/2018 08:00PM ET,VGK,1.8
,,,,,,,,,,G,Craig Anderson (11432909),Craig Anderson,11432909,G,7200,PHI@OTT 10/10/2018 07:30PM ET,OTT,6.3
,,,,,,,,,,LW,Jonathan Marchessault (11432606),Jonathan Marchessault,11432606,W/UTIL,7100,VGK@WAS 10/10/2018 08:00PM ET,VGK,5.67
,,,,,,,,,,G,Mike Condon (11432910),Mike Condon,11432910,G,7000,PHI@OTT 10/10/2018 07:30PM ET,OTT,-0.2
,,,,,,,,,,LW,Rickard Rakell (11432608),Rickard Rakell,11432608,W/UTIL,7000,ARI@ANH 10/10/2018 10:00PM ET,ANH,3.5
,,,,,,,,,,D,John Carlson (11432772),John Carlson,11432772,D/UTIL,6900,VGK@WAS 10/10/2018 08:00PM ET,WAS,7.75
,,,,,,,,,,G,Antti Raanta (11432911),Antti Raanta,11432911,G,6900,ARI@ANH 10/10/2018 10:00PM ET,ARI,2.1
,,,,,,,,,,C,Ryan Getzlaf (11432514),Ryan Getzlaf,11432514,C/UTIL,6800,ARI@ANH 10/10/2018 10:00PM ET,ANH,2.75
,,,,,,,,,,RW,T.J. Oshie (11432610),T.J. Oshie,11432610,W/UTIL,6700,VGK@WAS 10/10/2018 08:00PM ET,WAS,9
,,,,,,,,,,G,Adin Hill (11432912),Adin Hill,11432912,G,6700,ARI@ANH 10/10/2018 10:00PM ET,ARI,0
,,,,,,,,,,C,Sean Couturier (11432516),Sean Couturier,11432516,C/UTIL,6500,PHI@OTT 10/10/2018 07:30PM ET,PHI,2.33
,,,,,,,,,,G,Alex Lyon (11432918),Alex Lyon,11432918,G,6500,PHI@OTT 10/10/2018 07:30PM ET,PHI,0
,,,,,,,,,,G,Carter Hart (11432919),Carter Hart,11432919,G,6500,PHI@OTT 10/10/2018 07:30PM ET,PHI,0
,,,,,,,,,,G,Mike McKenna (11432923),Mike McKenna,11432923,G,6500,PHI@OTT 10/10/2018 07:30PM ET,OTT,0
,,,,,,,,,,G,Filip Gustavsson (11432924),Filip Gustavsson,11432924,G,6500,PHI@OTT 10/10/2018 07:30PM ET,OTT,0
,,,,,,,,,,G,Ilya Samsonov (11432913),Ilya Samsonov,11432913,G,6500,VGK@WAS 10/10/2018 08:00PM ET,WAS,0
,,,,,,,,,,G,Vitek Vanecek (11432914),Vitek Vanecek,11432914,G,6500,VGK@WAS 10/10/2018 08:00PM ET,WAS,0
,,,,,,,,,,G,Oscar Dansk (11432920),Oscar Dansk,11432920,G,6500,VGK@WAS 10/10/2018 08:00PM ET,VGK,0
,,,,,,,,,,G,Maxime Lagace (11432921),Maxime Lagace,11432921,G,6500,VGK@WAS 10/10/2018 08:00PM ET,VGK,0
,,,,,,,,,,G,Zach Fucale (11432922),Zach Fucale,11432922,G,6500,VGK@WAS 10/10/2018 08:00PM ET,VGK,0
,,,,,,,,,,G,Darcy Kuemper (11432915),Darcy Kuemper,11432915,G,6500,ARI@ANH 10/10/2018 10:00PM ET,ARI,0
,,,,,,,,,,G,Kevin Boyle (11432916),Kevin Boyle,11432916,G,6500,ARI@ANH 10/10/2018 10:00PM ET,ANH,0
,,,,,,,,,,G,Jared Coreau (11432917),Jared Coreau,11432917,G,6500,ARI@ANH 10/10/2018 10:00PM ET,ANH,0
,,,,,,,,,,RW,Jakob Silfverberg (11432612),Jakob Silfverberg,11432612,W/UTIL,6400,ARI@ANH 10/10/2018 10:00PM ET,ANH,4.33
,,,,,,,,,,LW,Claude Giroux (11432614),Claude Giroux,11432614,W/UTIL,6200,PHI@OTT 10/10/2018 07:30PM ET,PHI,3.67
,,,,,,,,,,C,Evgeny Kuznetsov (11432518),Evgeny Kuznetsov,11432518,C/UTIL,6200,VGK@WAS 10/10/2018 08:00PM ET,WAS,6.25
,,,,,,,,,,RW,Wayne Simmonds (11432616),Wayne Simmonds,11432616,W/UTIL,6000,PHI@OTT 10/10/2018 07:30PM ET,PHI,5.67
,,,,,,,,,,C,Adam Henrique (11432520),Adam Henrique,11432520,C/UTIL,6000,ARI@ANH 10/10/2018 10:00PM ET,ANH,3.83
,,,,,,,,,,RW,Jakub Voracek (11432618),Jakub Voracek,11432618,W/UTIL,5900,PHI@OTT 10/10/2018 07:30PM ET,PHI,2.83
,,,,,,,,,,C,William Karlsson (11432522),William Karlsson,11432522,C/UTIL,5800,VGK@WAS 10/10/2018 08:00PM ET,VGK,2.17
,,,,,,,,,,LW,Max Pacioretty (11432620),Max Pacioretty,11432620,W/UTIL,5800,VGK@WAS 10/10/2018 08:00PM ET,VGK,2.5
,,,,,,,,,,D,Shayne Gostisbehere (11432774),Shayne Gostisbehere,11432774,D/UTIL,5700,PHI@OTT 10/10/2018 07:30PM ET,PHI,4.33
,,,,,,,,,,LW,James van Riemsdyk (11432622),James van Riemsdyk,11432622,W/UTIL,5600,PHI@OTT 10/10/2018 07:30PM ET,PHI,1.75
,,,,,,,,,,RW,Reilly Smith (11432624),Reilly Smith,11432624,W/UTIL,5500,VGK@WAS 10/10/2018 08:00PM ET,VGK,1.33
,,,,,,,,,,D,Cam Fowler (11432776),Cam Fowler,11432776,D/UTIL,5500,ARI@ANH 10/10/2018 10:00PM ET,ANH,2.67
,,,,,,,,,,C,Nicklas Backstrom (11432524),Nicklas Backstrom,11432524,C/UTIL,5400,VGK@WAS 10/10/2018 08:00PM ET,WAS,5
,,,,,,,,,,D,Thomas Chabot (11432778),Thomas Chabot,11432778,D/UTIL,5300,PHI@OTT 10/10/2018 07:30PM ET,OTT,5.83
,,,,,,,,,,LW,Clayton Keller (11432628),Clayton Keller,11432628,W/UTIL,5300,ARI@ANH 10/10/2018 10:00PM ET,ARI,1
,,,,,,,,,,C,Matt Duchene (11432526),Matt Duchene,11432526,C/UTIL,5200,PHI@OTT 10/10/2018 07:30PM ET,OTT,2.5
,,,,,,,,,,RW,Mark Stone (11432626),Mark Stone,11432626,W/UTIL,5200,PHI@OTT 10/10/2018 07:30PM ET,OTT,2.83
,,,,,,,,,,LW,Ryan Dzingel (11432630),Ryan Dzingel,11432630,W/UTIL,5100,PHI@OTT 10/10/2018 07:30PM ET,OTT,5.17
,,,,,,,,,,RW,Travis Konecny (11432632),Travis Konecny,11432632,W/UTIL,5000,PHI@OTT 10/10/2018 07:30PM ET,PHI,1.33
,,,,,,,,,,C,Paul Stastny (11432528),Paul Stastny,11432528,C/UTIL,5000,VGK@WAS 10/10/2018 08:00PM ET,VGK,2
,,,,,,,,,,D,Brandon Montour (11432780),Brandon Montour,11432780,D/UTIL,5000,ARI@ANH 10/10/2018 10:00PM ET,ANH,2.5
,,,,,,,,,,D,Ivan Provorov (11432782),Ivan Provorov,11432782,D/UTIL,4900,PHI@OTT 10/10/2018 07:30PM ET,PHI,1.33
,,,,,,,,,,RW,Erik Haula (11432634),Erik Haula,11432634,W/UTIL,4900,VGK@WAS 10/10/2018 08:00PM ET,VGK,2.4
,,,,,,,,,,RW,Troy Terry (11432636),Troy Terry,11432636,W/UTIL,4800,ARI@ANH 10/10/2018 10:00PM ET,ANH,0.73
,,,,,,,,,,D,Oliver Ekman-Larsson (11432784),Oliver Ekman-Larsson,11432784,D/UTIL,4800,ARI@ANH 10/10/2018 10:00PM ET,ARI,1.75
,,,,,,,,,,C,Nolan Patrick (11432530),Nolan Patrick,11432530,C/UTIL,4700,PHI@OTT 10/10/2018 07:30PM ET,PHI,1.5
,,,,,,,,,,RW,Brett Connolly (11432638),Brett Connolly,11432638,W/UTIL,4700,VGK@WAS 10/10/2018 08:00PM ET,WAS,3.25
,,,,,,,,,,LW,Alex Galchenyuk (11432640),Alex Galchenyuk,11432640,W/UTIL,4700,ARI@ANH 10/10/2018 10:00PM ET,ARI,0
,,,,,,,,,,D,Hampus Lindholm (11432786),Hampus Lindholm,11432786,D/UTIL,4700,ARI@ANH 10/10/2018 10:00PM ET,ANH,3.17
,,,,,,,,,,LW,Brady Tkachuk (11432642),Brady Tkachuk,11432642,W/UTIL,4600,PHI@OTT 10/10/2018 07:30PM ET,OTT,1
,,,,,,,,,,D,Shea Theodore (11432788),Shea Theodore,11432788,D/UTIL,4500,VGK@WAS 10/10/2018 08:00PM ET,VGK,1.33
,,,,,,,,,,C,Ryan Kesler (11432532),Ryan Kesler,11432532,C/UTIL,4500,ARI@ANH 10/10/2018 10:00PM ET,ANH,0
,,,,,,,,,,LW,Max Comtois (11432644),Max Comtois,11432644,W/UTIL,4500,ARI@ANH 10/10/2018 10:00PM ET,ANH,3.5
,,,,,,,,,,LW,Ondrej Kase (11432646),Ondrej Kase,11432646,W/UTIL,4500,ARI@ANH 10/10/2018 10:00PM ET,ANH,0
,,,,,,,,,,RW,Bobby Ryan (11432648),Bobby Ryan,11432648,W/UTIL,4400,PHI@OTT 10/10/2018 07:30PM ET,OTT,2.83
,,,,,,,,,,D,Robert Hagg (11432790),Robert Hagg,11432790,D/UTIL,4400,PHI@OTT 10/10/2018 07:30PM ET,PHI,3.67
,,,,,,,,,,C,Sam Steel (11432534),Sam Steel,11432534,C/UTIL,4400,ARI@ANH 10/10/2018 10:00PM ET,ANH,0.67
,,,,,,,,,,C,Zack Smith (11432536),Zack Smith,11432536,C/UTIL,4300,PHI@OTT 10/10/2018 07:30PM ET,OTT,4.33
,,,,,,,,,,LW,Jakub Vrana (11432650),Jakub Vrana,11432650,W/UTIL,4300,VGK@WAS 10/10/2018 08:00PM ET,WAS,2.5
,,,,,,,,,,RW,Alex Tuch (11432652),Alex Tuch,11432652,W/UTIL,4300,VGK@WAS 10/10/2018 08:00PM ET,VGK,0
,,,,,,,,,,D,Colin Miller (11432792),Colin Miller,11432792,D/UTIL,4300,VGK@WAS 10/10/2018 08:00PM ET,VGK,1.67
,,,,,,,,,,C,Derek Stepan (11432538),Derek Stepan,11432538,C/UTIL,4200,ARI@ANH 10/10/2018 10:00PM ET,ARI,3
,,,,,,,,,,RW,Brendan Perlini (11432654),Brendan Perlini,11432654,W/UTIL,4200,ARI@ANH 10/10/2018 10:00PM ET,ARI,0.5
,,,,,,,,,,D,Jakob Chychrun (11432794),Jakob Chychrun,11432794,D/UTIL,4200,ARI@ANH 10/10/2018 10:00PM ET,ARI,0
,,,,,,,,,,RW,Tom Wilson (11432656),Tom Wilson,11432656,W/UTIL,4100,VGK@WAS 10/10/2018 08:00PM ET,WAS,0
,,,,,,,,,,D,Matt Niskanen (11432796),Matt Niskanen,11432796,D/UTIL,4100,VGK@WAS 10/10/2018 08:00PM ET,WAS,2
,,,,,,,,,,C,Lars Eller (11432540),Lars Eller,11432540,C/UTIL,4000,VGK@WAS 10/10/2018 08:00PM ET,WAS,3
,,,,,,,,,,D,Dmitry Orlov (11432798),Dmitry Orlov,11432798,D/UTIL,4000,VGK@WAS 10/10/2018 08:00PM ET,WAS,2.5
,,,,,,,,,,RW,Vinnie Hinostroza (11432658),Vinnie Hinostroza,11432658,W/UTIL,4000,ARI@ANH 10/10/2018 10:00PM ET,ARI,1.75
,,,,,,,,,,RW,Mikkel Boedker (11432660),Mikkel Boedker,11432660,W/UTIL,3900,PHI@OTT 10/10/2018 07:30PM ET,OTT,1.5
,,,,,,,,,,D,Cody Ceci (11432800),Cody Ceci,11432800,D/UTIL,3900,PHI@OTT 10/10/2018 07:30PM ET,OTT,2
,,,,,,,,,,C,Jean-Gabriel Pageau (11432542),Jean-Gabriel Pageau,11432542,C/UTIL,3800,PHI@OTT 10/10/2018 07:30PM ET,OTT,0
,,,,,,,,,,D,Maxime Lajoie (11432802),Maxime Lajoie,11432802,D/UTIL,3800,PHI@OTT 10/10/2018 07:30PM ET,OTT,4.5
,,,,,,,,,,LW,Richard Panik (11432662),Richard Panik,11432662,W/UTIL,3800,ARI@ANH 10/10/2018 10:00PM ET,ARI,2
,,,,,,,,,,C,Chris Tierney (11432544),Chris Tierney,11432544,C/UTIL,3700,PHI@OTT 10/10/2018 07:30PM ET,OTT,2.83
,,,,,,,,,,D,Radko Gudas (11432804),Radko Gudas,11432804,D/UTIL,3700,PHI@OTT 10/10/2018 07:30PM ET,PHI,2.25
,,,,,,,,,,LW,Andrew Cogliano (11432664),Andrew Cogliano,11432664,W/UTIL,3700,ARI@ANH 10/10/2018 10:00PM ET,ANH,1.5
,,,,,,,,,,D,Andrew MacDonald (11432808),Andrew MacDonald,11432808,D/UTIL,3600,PHI@OTT 10/10/2018 07:30PM ET,PHI,1.33
,,,,,,,,,,LW,Andre Burakovsky (11432666),Andre Burakovsky,11432666,W/UTIL,3600,VGK@WAS 10/10/2018 08:00PM ET,WAS,0.75
,,,,,,,,,,C,Christian Dvorak (11432546),Christian Dvorak,11432546,C/UTIL,3600,ARI@ANH 10/10/2018 10:00PM ET,ARI,0
,,,,,,,,,,RW,Kevin Roy (11432668),Kevin Roy,11432668,W/UTIL,3600,ARI@ANH 10/10/2018 10:00PM ET,ANH,0
,,,,,,,,,,D,Alex Goligoski (11432806),Alex Goligoski,11432806,D/UTIL,3600,ARI@ANH 10/10/2018 10:00PM ET,ARI,1.25
,,,,,,,,,,C,Mikhail Vorobyev (11432548),Mikhail Vorobyev,11432548,C/UTIL,3500,PHI@OTT 10/10/2018 07:30PM ET,PHI,2.33
,,,,,,,,,,LW,Patrick Eaves (11432670),Patrick Eaves,11432670,W/UTIL,3500,ARI@ANH 10/10/2018 10:00PM ET,ANH,0
,,,,,,,,,,D,Josh Manson (11432810),Josh Manson,11432810,D/UTIL,3500,ARI@ANH 10/10/2018 10:00PM ET,ANH,1.33
,,,,,,,,,,D,Travis Sanheim (11432812),Travis Sanheim,11432812,D/UTIL,3400,PHI@OTT 10/10/2018 07:30PM ET,PHI,1.33
,,,,,,,,,,C,Ryan Carpenter (11432550),Ryan Carpenter,11432550,C/UTIL,3400,VGK@WAS 10/10/2018 08:00PM ET,VGK,0.83
,,,,,,,,,,D,Nate Schmidt (11432836),Nate Schmidt,11432836,D/UTIL,3400,VGK@WAS 10/10/2018 08:00PM ET,VGK,0
,,,,,,,,,,RW,Christian Fischer (11432672),Christian Fischer,11432672,W/UTIL,3400,ARI@ANH 10/10/2018 10:00PM ET,ARI,1.25
,,,,,,,,,,LW,Oskar Lindblom (11432674),Oskar Lindblom,11432674,W/UTIL,3300,PHI@OTT 10/10/2018 07:30PM ET,PHI,1.83
,,,,,,,,,,D,Chris Wideman (11432816),Chris Wideman,11432816,D/UTIL,3300,PHI@OTT 10/10/2018 07:30PM ET,OTT,1
,,,,,,,,,,D,Michal Kempny (11432818),Michal Kempny,11432818,D/UTIL,3300,VGK@WAS 10/10/2018 08:00PM ET,WAS,0
,,,,,,,,,,C,Isac Lundestrom (11432552),Isac Lundestrom,11432552,C/UTIL,3300,ARI@ANH 10/10/2018 10:00PM ET,ANH,0.5
,,,,,,,,,,D,Jordan Oesterle (11432814),Jordan Oesterle,11432814,D/UTIL,3300,ARI@ANH 10/10/2018 10:00PM ET,ARI,1
,,,,,,,,,,C,Filip Chlapik (11432556),Filip Chlapik,11432556,C/UTIL,3200,PHI@OTT 10/10/2018 07:30PM ET,OTT,0
,,,,,,,,,,D,Christian Folin (11432822),Christian Folin,11432822,D/UTIL,3200,PHI@OTT 10/10/2018 07:30PM ET,PHI,3
,,,,,,,,,,LW,Tomas Nosek (11432678),Tomas Nosek,11432678,W/UTIL,3200,VGK@WAS 10/10/2018 08:00PM ET,VGK,1.17
,,,,,,,,,,D,Brayden McNabb (11432824),Brayden McNabb,11432824,D/UTIL,3200,VGK@WAS 10/10/2018 08:00PM ET,VGK,1.5
,,,,,,,,,,D,Brooks Orpik (11432832),Brooks Orpik,11432832,D/UTIL,3200,VGK@WAS 10/10/2018 08:00PM ET,WAS,3.5
,,,,,,,,,,C,Dylan Strome (11432554),Dylan Strome,11432554,C/UTIL,3200,ARI@ANH 10/10/2018 10:00PM ET,ARI,0.75
,,,,,,,,,,RW,Kiefer Sherwood (11432676),Kiefer Sherwood,11432676,W/UTIL,3200,ARI@ANH 10/10/2018 10:00PM ET,ANH,2.33
,,,,,,,,,,LW,Nick Ritchie (11432680),Nick Ritchie,11432680,W/UTIL,3200,ARI@ANH 10/10/2018 10:00PM ET,ANH,0
,,,,,,,,,,LW,Jordan Weal (11432696),Jordan Weal,11432696,W/UTIL,3100,PHI@OTT 10/10/2018 07:30PM ET,PHI,0
,,,,,,,,,,D,Dylan DeMelo (11432820),Dylan DeMelo,11432820,D/UTIL,3100,PHI@OTT 10/10/2018 07:30PM ET,OTT,3.33
,,,,,,,,,,C,Nick Cousins (11432682),Nick Cousins,11432682,C/UTIL,3100,ARI@ANH 10/10/2018 10:00PM ET,ARI,2
,,,,,,,,,,D,Andrej Sustr (11432828),Andrej Sustr,11432828,D/UTIL,3100,ARI@ANH 10/10/2018 10:00PM ET,ANH,1
,,,,,,,,,,C,Colin White (11432558),Colin White,11432558,C/UTIL,3000,PHI@OTT 10/10/2018 07:30PM ET,OTT,2.83
,,,,,,,,,,RW,Tom Pyatt (11432686),Tom Pyatt,11432686,W/UTIL,3000,PHI@OTT 10/10/2018 07:30PM ET,OTT,1.5
,,,,,,,,,,LW,Nick Paul (11432694),Nick Paul,11432694,W/UTIL,3000,PHI@OTT 10/10/2018 07:30PM ET,OTT,0
,,,,,,,,,,D,Ben Harpur (11432892),Ben Harpur,11432892,D/UTIL,3000,PHI@OTT 10/10/2018 07:30PM ET,OTT,0
,,,,,,,,,,RW,Chandler Stephenson (11432684),Chandler Stephenson,11432684,W/UTIL,3000,VGK@WAS 10/10/2018 08:00PM ET,WAS,2
,,,,,,,,,,RW,Oscar Lindberg (11432690),Oscar Lindberg,11432690,W/UTIL,3000,VGK@WAS 10/10/2018 08:00PM ET,VGK,0.83
,,,,,,,,,,D,Deryk Engelland (11432826),Deryk Engelland,11432826,D/UTIL,3000,VGK@WAS 10/10/2018 08:00PM ET,VGK,1.5
,,,,,,,,,,LW,Michael Grabner (11432688),Michael Grabner,11432688,W/UTIL,3000,ARI@ANH 10/10/2018 10:00PM ET,ARI,1
,,,,,,,,,,D,Niklas Hjalmarsson (11432834),Niklas Hjalmarsson,11432834,D/UTIL,3000,ARI@ANH 10/10/2018 10:00PM ET,ARI,1
,,,,,,,,,,LW,Alex Formenton (11432700),Alex Formenton,11432700,W/UTIL,2900,PHI@OTT 10/10/2018 07:30PM ET,OTT,0.83
,,,,,,,,,,LW,Rudolfs Balcers (11432704),Rudolfs Balcers,11432704,W/UTIL,2900,PHI@OTT 10/10/2018 07:30PM ET,OTT,0
,,,,,,,,,,C,Pierre-Edouard Bellemare (11432560),Pierre-Edouard Bellemare,11432560,C/UTIL,2900,VGK@WAS 10/10/2018 08:00PM ET,VGK,1.83
,,,,,,,,,,RW,Devante Smith-Pelly (11432698),Devante Smith-Pelly,11432698,W/UTIL,2900,VGK@WAS 10/10/2018 08:00PM ET,WAS,2.75
,,,,,,,,,,RW,Sergei Shumakov (11432702),Sergei Shumakov,11432702,W/UTIL,2900,VGK@WAS 10/10/2018 08:00PM ET,WAS,0
,,,,,,,,,,D,Nick Holden (11432842),Nick Holden,11432842,D/UTIL,2900,VGK@WAS 10/10/2018 08:00PM ET,VGK,0.5
,,,,,,,,,,C,Carter Rowney (11432562),Carter Rowney,11432562,C/UTIL,2900,ARI@ANH 10/10/2018 10:00PM ET,ANH,1.5
,,,,,,,,,,C,Paul Carey (11432566),Paul Carey,11432566,C/UTIL,2800,PHI@OTT 10/10/2018 07:30PM ET,OTT,0.5
,,,,,,,,,,LW,Scott Laughton (11432706),Scott Laughton,11432706,W/UTIL,2800,PHI@OTT 10/10/2018 07:30PM ET,PHI,2.17
,,,,,,,,,,LW,Marian Gaborik (11432710),Marian Gaborik,11432710,W/UTIL,2800,PHI@OTT 10/10/2018 07:30PM ET,OTT,0
,,,,,,,,,,C,Cody Glass (11432568),Cody Glass,11432568,C/UTIL,2800,VGK@WAS 10/10/2018 08:00PM ET,VGK,0
,,,,,,,,,,C,Jayson Megna (11432572),Jayson Megna,11432572,C/UTIL,2800,VGK@WAS 10/10/2018 08:00PM ET,WAS,0
,,,,,,,,,,C,Nic Dowd (11432582),Nic Dowd,11432582,C/UTIL,2800,VGK@WAS 10/10/2018 08:00PM ET,WAS,2.75
,,,,,,,,,,C,Laurent Dauphin (11432570),Laurent Dauphin,11432570,C/UTIL,2800,ARI@ANH 10/10/2018 10:00PM ET,ARI,0
,,,,,,,,,,RW,Brian Gibbons (11432708),Brian Gibbons,11432708,W/UTIL,2800,ARI@ANH 10/10/2018 10:00PM ET,ANH,1.25
,,,,,,,,,,RW,Nicholas Merkley (11432712),Nicholas Merkley,11432712,W/UTIL,2800,ARI@ANH 10/10/2018 10:00PM ET,ARI,0
,,,,,,,,,,D,Kevin Connauton (11432838),Kevin Connauton,11432838,D/UTIL,2800,ARI@ANH 10/10/2018 10:00PM ET,ARI,1.75
,,,,,,,,,,D,Jason Demers (11432840),Jason Demers,11432840,D/UTIL,2800,ARI@ANH 10/10/2018 10:00PM ET,ARI,1
,,,,,,,,,,RW,Michael Raffl (11432714),Michael Raffl,11432714,W/UTIL,2700,PHI@OTT 10/10/2018 07:30PM ET,PHI,1.67
,,,,,,,,,,LW,Max McCormick (11432716),Max McCormick,11432716,W/UTIL,2700,PHI@OTT 10/10/2018 07:30PM ET,OTT,1
,,,,,,,,,,LW,Taylor Leier (11432722),Taylor Leier,11432722,W/UTIL,2700,PHI@OTT 10/10/2018 07:30PM ET,PHI,0
,,,,,,,,,,C,Cody Eakin (11432576),Cody Eakin,11432576,C/UTIL,2700,VGK@WAS 10/10/2018 08:00PM ET,VGK,0
,,,,,,,,,,LW,Dmitrij Jaskin (11432720),Dmitrij Jaskin,11432720,W/UTIL,2700,VGK@WAS 10/10/2018 08:00PM ET,WAS,0
,,,,,,,,,,D,Brad Hunt (11432846),Brad Hunt,11432846,D/UTIL,2700,VGK@WAS 10/10/2018 08:00PM ET,VGK,0
,,,,,,,,,,C,Brad Richardson (11432574),Brad Richardson,11432574,C/UTIL,2700,ARI@ANH 10/10/2018 10:00PM ET,ARI,0.5
,,,,,,,,,,LW,Ben Street (11432718),Ben Street,11432718,W/UTIL,2700,ARI@ANH 10/10/2018 10:00PM ET,ANH,1
,,,,,,,,,,D,Luke Schenn (11432844),Luke Schenn,11432844,D/UTIL,2700,ARI@ANH 10/10/2018 10:00PM ET,ANH,1
,,,,,,,,,,D,Trevor Murphy (11432848),Trevor Murphy,11432848,D/UTIL,2700,ARI@ANH 10/10/2018 10:00PM ET,ARI,0
,,,,,,,,,,D,Korbinian Holzer (11432860),Korbinian Holzer,11432860,D/UTIL,2700,ARI@ANH 10/10/2018 10:00PM ET,ANH,0
,,,,,,,,,,LW,Magnus Paajarvi (11432724),Magnus Paajarvi,11432724,W/UTIL,2600,PHI@OTT 10/10/2018 07:30PM ET,OTT,0.83
,,,,,,,,,,LW,Tyrell Goulbourne (11432732),Tyrell Goulbourne,11432732,W/UTIL,2600,PHI@OTT 10/10/2018 07:30PM ET,PHI,0
,,,,,,,,,,D,Mark Borowiecki (11432854),Mark Borowiecki,11432854,D/UTIL,2600,PHI@OTT 10/10/2018 07:30PM ET,OTT,1.33
,,,,,,,,,,D,Christian Wolanin (11432856),Christian Wolanin,11432856,D/UTIL,2600,PHI@OTT 10/10/2018 07:30PM ET,OTT,0
,,,,,,,,,,C,Travis Boyd (11432564),Travis Boyd,11432564,C/UTIL,2600,VGK@WAS 10/10/2018 08:00PM ET,WAS,0
,,,,,,,,,,C,Shane Gersich (11432578),Shane Gersich,11432578,C/UTIL,2600,VGK@WAS 10/10/2018 08:00PM ET,WAS,0
,,,,,,,,,,C,Brandon Pirri (11432580),Brandon Pirri,11432580,C/UTIL,2600,VGK@WAS 10/10/2018 08:00PM ET,VGK,0
,,,,,,,,,,RW,Ryan Reaves (11432740),Ryan Reaves,11432740,W/UTIL,2600,VGK@WAS 10/10/2018 08:00PM ET,VGK,0.5
,,,,,,,,,,D,Jon Merrill (11432850),Jon Merrill,11432850,D/UTIL,2600,VGK@WAS 10/10/2018 08:00PM ET,VGK,1.83
,,,,,,,,,,D,Christian Djoos (11432852),Christian Djoos,11432852,D/UTIL,2600,VGK@WAS 10/10/2018 08:00PM ET,WAS,1.5
,,,,,,,,,,D,Zach Whitecloud (11432858),Zach Whitecloud,11432858,D/UTIL,2600,VGK@WAS 10/10/2018 08:00PM ET,VGK,0
,,,,,,,,,,D,Madison Bowey (11432864),Madison Bowey,11432864,D/UTIL,2600,VGK@WAS 10/10/2018 08:00PM ET,WAS,1
,,,,,,,,,,RW,Mario Kempe (11432726),Mario Kempe,11432726,W/UTIL,2600,ARI@ANH 10/10/2018 10:00PM ET,ARI,0.75
,,,,,,,,,,RW,Pontus Aberg (11432728),Pontus Aberg,11432728,W/UTIL,2600,ARI@ANH 10/10/2018 10:00PM ET,ANH,0.5
,,,,,,,,,,LW,Josh Archibald (11432730),Josh Archibald,11432730,W/UTIL,2600,ARI@ANH 10/10/2018 10:00PM ET,ARI,0
,,,,,,,,,,C,Jori Lehtera (11432584),Jori Lehtera,11432584,C/UTIL,2500,PHI@OTT 10/10/2018 07:30PM ET,PHI,1
,,,,,,,,,,C,Greg Carey (11432586),Greg Carey,11432586,C/UTIL,2500,PHI@OTT 10/10/2018 07:30PM ET,PHI,0
,,,,,,,,,,C,Cole Bardreau (11432588),Cole Bardreau,11432588,C/UTIL,2500,PHI@OTT 10/10/2018 07:30PM ET,PHI,0
,,,,,,,,,,C,Mike Vecchione (11432590),Mike Vecchione,11432590,C/UTIL,2500,PHI@OTT 10/10/2018 07:30PM ET,PHI,0
,,,,,,,,,,C,Jim O'Brien (11432594),Jim O'Brien,11432594,C/UTIL,2500,PHI@OTT 10/10/2018 07:30PM ET,OTT,0
,,,,,,,,,,C,Logan Brown (11432596),Logan Brown,11432596,C/UTIL,2500,PHI@OTT 10/10/2018 07:30PM ET,OTT,0
,,,,,,,,,,C,Ben Sexton (11432602),Ben Sexton,11432602,C/UTIL,2500,PHI@OTT 10/10/2018 07:30PM ET,OTT,0
,,,,,,,,,,RW,Dale Weise (11432742),Dale Weise,11432742,W/UTIL,2500,PHI@OTT 10/10/2018 07:30PM ET,PHI,0
,,,,,,,,,,RW,David Kase (11432746),David Kase,11432746,W/UTIL,2500,PHI@OTT 10/10/2018 07:30PM ET,PHI,0
,,,,,,,,,,RW,Nicolas Aube-Kubel (11432748),Nicolas Aube-Kubel,11432748,W/UTIL,2500,PHI@OTT 10/10/2018 07:30PM ET,PHI,0
,,,,,,,,,,RW,Jack Rodewald (11432770),Jack Rodewald,11432770,W/UTIL,2500,PHI@OTT 10/10/2018 07:30PM ET,OTT,0
,,,,,,,,,,D,Samuel Morin (11432830),Samuel Morin,11432830,D/UTIL,2500,PHI@OTT 10/10/2018 07:30PM ET,PHI,0
,,,,,,,,,,D,T.J. Brennan (11432870),T.J. Brennan,11432870,D/UTIL,2500,PHI@OTT 10/10/2018 07:30PM ET,PHI,0
,,,,,,,,,,D,Patrick Sieloff (11432894),Patrick Sieloff,11432894,D/UTIL,2500,PHI@OTT 10/10/2018 07:30PM ET,OTT,0
,,,,,,,,,,D,Christian Jaros (11432896),Christian Jaros,11432896,D/UTIL,2500,PHI@OTT 10/10/2018 07:30PM ET,OTT,0
,,,,,,,,,,D,Andreas Englund (11432898),Andreas Englund,11432898,D/UTIL,2500,PHI@OTT 10/10/2018 07:30PM ET,OTT,0
,,,,,,,,,,C,Reid Duke (11432598),Reid Duke,11432598,C/UTIL,2500,VGK@WAS 10/10/2018 08:00PM ET,VGK,0
,,,,,,,,,,C,Liam O'Brien (11432600),Liam O'Brien,11432600,C/UTIL,2500,VGK@WAS 10/10/2018 08:00PM ET,WAS,0
,,,,,,,,,,LW,Nathan Walker (11432734),Nathan Walker,11432734,W/UTIL,2500,VGK@WAS 10/10/2018 08:00PM ET,WAS,1.5
,,,,,,,,,,LW,William Carrier (11432738),William Carrier,11432738,W/UTIL,2500,VGK@WAS 10/10/2018 08:00PM ET,VGK,0.5
,,,,,,,,,,RW,Daniel Carr (11432750),Daniel Carr,11432750,W/UTIL,2500,VGK@WAS 10/10/2018 08:00PM ET,VGK,0
,,,,,,,,,,RW,Riley Barber (11432758),Riley Barber,11432758,W/UTIL,2500,VGK@WAS 10/10/2018 08:00PM ET,WAS,0
,,,,,,,,,,RW,Juuso Ikonen (11432760),Juuso Ikonen,11432760,W/UTIL,2500,VGK@WAS 10/10/2018 08:00PM ET,WAS,0
,,,,,,,,,,RW,Tomas Hyka (11432764),Tomas Hyka,11432764,W/UTIL,2500,VGK@WAS 10/10/2018 08:00PM ET,VGK,0
,,,,,,,,,,RW,Tyler Wong (11432766),Tyler Wong,11432766,W/UTIL,2500,VGK@WAS 10/10/2018 08:00PM ET,VGK,0
,,,,,,,,,,D,Aaron Ness (11432876),Aaron Ness,11432876,D/UTIL,2500,VGK@WAS 10/10/2018 08:00PM ET,WAS,0
,,,,,,,,,,D,Jonas Siegenthaler (11432880),Jonas Siegenthaler,11432880,D/UTIL,2500,VGK@WAS 10/10/2018 08:00PM ET,WAS,0
,,,,,,,,,,D,Lucas Johansen (11432882),Lucas Johansen,11432882,D/UTIL,2500,VGK@WAS 10/10/2018 08:00PM ET,WAS,0
,,,,,,,,,,D,Griffin Reinhart (11432884),Griffin Reinhart,11432884,D/UTIL,2500,VGK@WAS 10/10/2018 08:00PM ET,VGK,0
,,,,,,,,,,D,Jake Bischoff (11432886),Jake Bischoff,11432886,D/UTIL,2500,VGK@WAS 10/10/2018 08:00PM ET,VGK,0
,,,,,,,,,,D,Erik Brannstrom (11432888),Erik Brannstrom,11432888,D/UTIL,2500,VGK@WAS 10/10/2018 08:00PM ET,VGK,0
,,,,,,,,,,C,Kalle Kossila (11432592),Kalle Kossila,11432592,C/UTIL,2500,ARI@ANH 10/10/2018 10:00PM ET,ANH,0
,,,,,,,,,,RW,Corey Perry (11432692),Corey Perry,11432692,W/UTIL,2500,ARI@ANH 10/10/2018 10:00PM ET,ANH,0
,,,,,,,,,,LW,Lawson Crouse (11432736),Lawson Crouse,11432736,W/UTIL,2500,ARI@ANH 10/10/2018 10:00PM ET,ARI,0.5
,,,,,,,,,,LW,Joseph Blandisi (11432744),Joseph Blandisi,11432744,W/UTIL,2500,ARI@ANH 10/10/2018 10:00PM ET,ANH,0
,,,,,,,,,,LW,Max Jones (11432752),Max Jones,11432752,W/UTIL,2500,ARI@ANH 10/10/2018 10:00PM ET,ANH,0
,,,,,,,,,,RW,Anton Rodin (11432754),Anton Rodin,11432754,W/UTIL,2500,ARI@ANH 10/10/2018 10:00PM ET,ANH,0
,,,,,,,,,,LW,Giovanni Fiore (11432756),Giovanni Fiore,11432756,W/UTIL,2500,ARI@ANH 10/10/2018 10:00PM ET,ANH,0
,,,,,,,,,,LW,David Ullstrom (11432762),David Ullstrom,11432762,W/UTIL,2500,ARI@ANH 10/10/2018 10:00PM ET,ARI,0
,,,,,,,,,,RW,Hudson Fasching (11432768),Hudson Fasching,11432768,W/UTIL,2500,ARI@ANH 10/10/2018 10:00PM ET,ARI,0
,,,,,,,,,,D,Marcus Pettersson (11432862),Marcus Pettersson,11432862,D/UTIL,2500,ARI@ANH 10/10/2018 10:00PM ET,ANH,1
,,,,,,,,,,D,Ilya Lyubushkin (11432866),Ilya Lyubushkin,11432866,D/UTIL,2500,ARI@ANH 10/10/2018 10:00PM ET,ARI,0.5
,,,,,,,,,,D,Andy Welinski (11432868),Andy Welinski,11432868,D/UTIL,2500,ARI@ANH 10/10/2018 10:00PM ET,ANH,0
,,,,,,,,,,D,Jacob Larsson (11432872),Jacob Larsson,11432872,D/UTIL,2500,ARI@ANH 10/10/2018 10:00PM ET,ANH,0
,,,,,,,,,,D,Dakota Mermis (11432874),Dakota Mermis,11432874,D/UTIL,2500,ARI@ANH 10/10/2018 10:00PM ET,ARI,0
,,,,,,,,,,D,Kyle Capobianco (11432878),Kyle Capobianco,11432878,D/UTIL,2500,ARI@ANH 10/10/2018 10:00PM ET,ARI,0
,,,,,,,,,,D,Jaycob Megna (11432890),Jaycob Megna,11432890,D/UTIL,2500,ARI@ANH 10/10/2018 10:00PM ET,ANH,0
